step,object,x,y,zoom,page,question,answer,alt_text,layer1_button,layer1_content,layer2_button,layer2_content,clip_start,clip_end,loop
paso,objeto,x,y,zoom,pagina,pregunta,respuesta,texto_alt,boton1,contenido1,boton2,contenido2,inicio_clip,fin_clip,bucle
1,mapkingdomchimorc1300,0.5,0.5,1,,Where is this vessel from and what civilization was it a part of?,"This is a ritual double bodied whistling jar from the Chimu Empire depicting the Goddess Deity. The Chimu were a prehistoric civilization which dominated the North Coast of Peru from 900CE to 1470CE until they were taken over by their rivals, the Inca Empire. Initially founded North of the Moche river valley, the Empire expanded through a series of stages to encompass the Peruvian coast from the present day city of Lima to Ecuador at its height.",,Learn more,chimu-goddess-whistling-6ene-learn-more-about.md,,,,,
2,462722522398d325af24n,0.5,0.5,1,,How was this vessel constructed by the Chimu?,"The Chimú vessel was likely constructed through a hybrid manufacturing process that combined molded body sections with hand-built assembly and finishing techniques. Research on Chimu stirrup spout ceramics, suggests that artisans often use molds to create symmetrical, standardized forms efficiently, while manually attaching and refining, connecting sections, and sculpting details. The vessel's dark surface also reflects the black wear firing tradition, which produced the characteristic black associated with ceramics.
",,Learn more,chimu-goddess-whistling-6ene-learn-more.md,,,,,
3,,0.5,0.5,1,,What may have the Chimu Whistle sounded like?,"The sound is produced through the interaction of water pressure and air movement within the vessel, demonstrating the sophisticated engineering behind Chimu whistling vessels. Created by the ancient Chimu civilization of Peru, these objects represent a compelling fusion of sculpture, sound, and motion within a single ceremonial form. The shape and acoustic qualities of each vessel vary according to its construction and intended use. Some produce sound simply through the addition of water and rocking motion of the vessel, while others are designed to be blown into directly. Vessels molded after birds often imitate birdsong when activated with water. This Chimu whistle features a human figure ( Deity goddess) and likely produces a sound that resembles a human whistling according to scholars.",,Learn more,chimu-goddess-whistling-6ene-hear-the-sound.md,,,,,
4,,0.5,0.5,1,,What deity does the anthropomorphic head represent?,"The anthropomorphic head depicts the Chimu Goddess Deity. Associated with forces of the moon and sea, the goddess represented a powerful force of protection and sustenance for the Chimu people. Throughout Chimu iconography the goddess is only ever depicted in ceramic mediums such as black ware. In order to identify representations of the deity scholars often look for three key features: wide feline eyes, a large headdress, and placement of the goddess’ head atop a spout and bridge vessel. While further nautical motifs such as engravings of spondylus shells, sharks, fish, and stingrays are depicted alongside the Chimu Goddess, the presence of these motifs varies stylistically across vessels. ",,,,,,,,
5,,0.5,0.5,1,,How was Object 8 Used?,"The whistle was used in the Chimú civilization to promote religion and culture across the kingdom, which then lets everyone participate in rituals or ceremonies that worship the same deities that the Chimú’s believe in. As the Chimú empire expanded they wanted to have an imperial influence on the new lands they conquered, so with using vessels it allowed for cultural influence",,,,,,,,
6,,0.5,0.5,1,,The End,,,,,,,,,
7,,0.5,0.5,1,,References,"Scher, Sarahh. 2017. The Chimu Culture, An Introduction, Smart History, https://smarthistory.org/chimu/


Moore, Jerry D. and Carol J. Mackey. 2008. “The Chimú Empire.”


Wauters, Valentine. 2016. “Imperial Needs, Imperial Methods: Chimú Ceramic Manufacturing Process Through CT Scan Analysis of Stirrup-Spout Bottles.” Latin American Antiquity 27, no. 2: 238–56. https://doi.org/10.7183/1045-6635.27.2.238. 


Moseley, Michael E. 1975. “Chan Chan: Andean Alternative of the Preindustrial City.” Science 187, no. 4173: 219–25. http://www.jstor.org/stable/1739056.


Map: Kingdom of Chimor (Chimu Dominion). c.1300. https://jstor.org/stable/community.13737338.


The enigma of Whistling Water Jars  in Precolumbian ceramics by Brian Ransom. Accessed May 8, 2026. http://peru.inka.free.fr/Runapacha/THE%20ENIGMA%20OF%20WHISTLING%20WATER%20JARS.pdf.


Christopher B. Donnan. 1997. A Chimu-Inka Ceramic-Manufacturing center from the north coast of Peru, Latin American antiquity. Vol. 8, No. 1, pp. 30-54. https://www.jstor.org/stable/971591?searchText=&searchUri=&ab_se in gments=&searchKey=&refreqid=fastly-default%3Af105cae74ff9965facb3f51ec5567a44&initiator=recommender&seq=24


 Valentine Wauters. 2016. Imperial needs, imperial methods: Chimu ceramic manufacturing process through ct scan analysis of stirrup-spout bottles, Latin American antiquity. Vol. 27, No. 2, pp. 238-256. https://www.jstor.org/stable/26337240?seq=2


Jose Perez de Arce. 2006. Whistling bottles: sound, mind and water, Studies in Music Archaeology. vol. 5. https://www.academia.edu/22117732/Whistling_Bottles_Sound_Mind_and_Wat


Skibo, James M., and Gary M. Feinman. Essay. In Pottery and People: A Dynamic Interaction. Salt Lake City: University of Utah Press, 2013.


Map: Kingdom of Chimor (Chimu Dominion). c.1300. https://jstor.org/stable/community.13737338


Fleitman, Yvonne, and Alisa Baginski. 2018. Chimu.


Karski, Kamil. 2014. “The Double-Chambered Vessel of the Chimú Culture in the Castle Museum in Łańcut.” Materiały I Sprawozdania Rzesowskiego Ośrodka XXXV: 273–80. https://www.academia.edu/37292300/The_double_chambered_vessel_of_the_Chim%C3%BA_culture_in_the_Castle_Museum_in_%C5%81a%C5%84cut_ENG_.


‌Swenson, Edward R. 2007. “Local Ideological Strategies and the Politics of Ritual Space in the Chimú Empire.” Archaeological Dialogues 14 (1): 61–90. https://doi.org/10.1017/s138020380700219x",,,,,,,,
8,,0.5,0.5,1,,About Us,"This website was made by Tina Lyn, Magali, Julie, Ava Collette, and Angelina Rivoli. We created this website for our Art History 130D class on Andean Archaeology with Proffessor Boswell at the University of California, Santa Barbara.",,,,,,,,